employee_id,employee_name,region
25ce70e1-6046-494f-bcb8-8b845e0507d0,Lisa Riley,North
3fbed58b-8e62-4d9c-a7df-a5b3eca25481,Jennifer Bowen,West
91739c97-fe79-4648-9eff-530904a24bde,Rebecca Green,East
e0fd0e03-930a-4e29-a2ad-a1d412bf5312,Deborah Bird,North
d32cafb0-fe63-4b8f-8a41-993bb98152c6,Carrie Hampton,West
57507d35-022c-4e1b-8fed-cd20302b6802,Marcus Powell,South
d85ac665-664d-4728-9e31-036d8edfb8c5,Jack Rodriguez Jr.,East
ff91a2ce-75d4-4014-8337-0e2768bc15bf,William Carrillo,East
403a8f60-dc5d-4742-a461-00aba8b4bc6a,Timothy Raymond,South
6f11b484-d8d9-406e-ba0b-94d7f79eeb8e,Jamie Adams,South
e9cef3c0-d657-49b1-ba17-b1d72d5879ad,Kaitlyn Warren,South
4d2a3e2a-df1d-4136-8b95-d8bf10dd3069,Dustin Green,North
a011bf86-699f-49e8-acc1-399cd7d1dc04,Richard Bentley,West
4780c382-faeb-4ad8-a44b-fa995dfc433a,Heather Kelley,North
e2746b16-9450-4131-8db9-85eba46abfbe,Jane Garcia,West
a1cc19f7-14e4-4ac3-ac0a-0219708066bc,Andrew Mclaughlin,East
4de6d2e9-e278-485a-b74a-4728061a9d5a,Kristin Foster,South
2f204aaf-5c38-4330-ab83-7aa051b96ce5,Veronica Munoz,East
f620a794-ddf7-4474-889f-47dbe393987f,Richard Jenkins,North
b5c70bed-b892-4239-9b15-d362c7f9ec30,Brianna Franco,East
71cdac81-7ea6-45f5-9295-a9e7d31abff5,Joshua Fernandez,South
9c8b80ef-70d5-4f46-b7bc-1202b4526508,Jennifer Robles,West
b4fb047f-e13a-4524-b45f-781fab07b14c,Ruth King,West
a2f2f9b8-4165-49e1-9149-3b4a6b072648,David Hoffman,North
1717d628-1496-4b11-adf0-309e42efa608,Gregory Green,West
3fa5c307-11eb-4286-9010-1240bc479769,Mark Norris,North
d7c92cbe-f51c-4966-9cb8-cb4649471bf7,Samantha Hansen,East
87347e45-ed75-4579-8685-97c8f7ca08a9,Justin Ross,East
9b307e0e-73d3-403f-b314-09edb853efbb,Patrick Barton,North
57c61f48-d892-42fa-81d1-97c5c09dfc34,Mr. Christopher Clark,South
aa4e2d51-e5b9-454a-b0c3-7d070ffa434b,Lisa Shaw,West
81b414f0-bfb3-445a-a1b3-f9fecbbf432d,Janet Foster,South
8517a9db-12e3-4e2c-aaf6-6cdbd9f3371b,Mr. Juan Jensen,North
61ec689a-196a-49d2-bb08-27084e156a56,Dean Rodriguez,South
6340fdf1-5a08-48fa-abd9-b2423c03d0c1,Jeremy Harrison,East
0521383e-2445-43fe-98cf-0171538a0d86,Ray Baker,West
005ee68b-d108-4d00-951b-4c2e0ab08601,Jeffrey Whitehead,East
ab560cc0-00cf-46ed-92d5-141398022ce4,Martin Payne,East
6a1f7622-7010-49ad-ac37-71d4582a5caf,William Sanders,North
8e3fd671-3de9-4d2e-8fe0-de7f44c5b09b,Daniel Wolf,East
2ecfa2fe-5d83-43d3-8bba-b067e0a85cc3,Dustin Garner,West
63c1d37b-f37f-4adf-9bde-fad3b84bb531,Aaron Lopez,West
522127a5-096a-474a-beca-1cf7019ec2eb,Jason Allen,East
19a81f21-9e97-4a22-bf4f-c6b0a51d6289,Pamela Johnson,West
fbf6d36c-b314-459c-a039-01812a06730e,Tanner Scott,West
c33a16e1-7614-475b-9231-3fe23bfbe2ee,Jessica Henderson,North
a23994fe-617c-431b-bf5f-1c63a34f3fc1,Charlotte Middleton,West
a36e49e6-193a-4c70-bba1-837dc02890d3,Mary Snyder,East
05bb28e0-be19-4ff6-ba0b-0a1bacafae60,Brenda Jones,South
82c0c6d2-1a56-4928-bd75-3cd2279e8d3d,Kathleen Smith,West
98101a82-b9cd-48f7-9fc7-6ede0f4cdd1a,Michelle Frazier,South
7891e64d-049d-4256-be81-9f0c93d01eb2,Lisa Taylor DDS,West
8a4631ea-882e-4d0d-8bef-8288dc23a7cb,Joseph Dillon,South
d9a48880-9987-40a7-8392-4653b14f8855,Erica Thompson,North
d004694a-9b4e-40d6-b4d7-166200060b96,Jessica Hansen,South
f66acbde-7da1-4a73-93c4-11593fe75302,Jasmine Diaz,North
f8ce7479-2e00-4e7c-a7c3-e96af761810b,Donna Clark,West
74d48ce8-9a63-4ec7-a634-9218ae295225,Valerie Stokes,West
c6508335-f5b7-4359-9635-bc41944e0c87,Michael Burgess,East
e7627871-307a-4222-9549-6981e437b625,Jane Monroe,East
99bb3fcb-afb4-41ae-ba84-650631b2106e,Dr. Andrew Hampton,North
81a3247d-a444-482d-858f-eab945b068de,Henry Peterson,West
d9fd125e-e0d8-4b0c-a040-33e32b5899bf,Jonathan Martin,East
3b500d68-a666-43fb-bba7-20fd63a6b8e6,Lisa Wilson,East
f031cedc-6212-49c1-8b80-9bca219eab8b,Nicole Powell,North
23e420b4-53a6-465f-810d-a7f0b905a73b,John Edwards,North
c75a6c25-9f77-4a41-82f8-fc67cb7c75de,Colton Williams,East
35befd71-40c9-4323-a501-13d2aac21579,Heather Mooney,South
effa0638-de2e-4f7c-9b89-d6c4e877149b,Hannah Fox,West
d543a488-35bb-47e9-a5d5-31dc1726710e,Michael Holland,West
12c5c73e-8059-4b02-9621-54d88600eb3e,Nicholas Brown,East
720a5e67-b0cb-4a0c-889c-89d794f9727b,Heidi Smith,South
15767d3b-a7ab-41dc-8323-05da49f4aa0c,Katie Smith,South
9e28418e-be6c-4231-bd99-306044936761,Barbara James,South
ed9274c7-5261-436b-9276-f3d87d44fd98,Michael Anderson,South
b8f56710-4ccc-44ba-b20a-43d59792a22d,Erica Briggs,South
7d4fba00-5020-4eaf-8d64-468fd12e1f9c,Brenda Oneill,East
cb869a5c-1cc9-4be0-b031-03b37829a6fd,Ronnie Scott,West
ccb26790-d03d-4e45-80f4-a855ac544b1e,Michaela Hart,South
b3a922f2-f4e4-450c-9bed-c1a447b189cf,Douglas Lopez,East
514241b7-90e0-4ae3-9395-c5c1db3c0f24,Michael Delgado,South
8d036538-e245-4e6f-811d-d5816accf350,Tina Norman,North
25756d35-f7cc-4722-8e01-d2781ea7ff39,Betty Chang,East
fbc66227-ef50-4b61-add8-8bb023b5dd33,Aaron Mitchell,East
6e36ef10-6fc8-487f-b2ef-cb4b446d2894,Joshua Bradford,South
0783af48-a059-4383-9476-fa506c9b2a96,Margaret Richmond,East
3add3256-4d36-4c2f-941c-dde9df6b42fc,Christopher Fowler,West
a49c1a53-d0bd-45e9-8804-c46ba677024f,Alexis Odonnell MD,East
60f39bf3-8210-446e-b7cc-9880d6415036,Mr. Cody Matthews MD,North
49e6d3b0-fbf8-4579-90be-65dd7a2891cb,Dawn Mcneil,South
db42956f-dbb8-4029-bb6b-a9cdfc6af347,Heather Duran,West
a3ca30c4-db29-43cb-a9a5-4e689c784be8,Nathan Jones,South
699deeb5-d47c-431f-ba3d-20d7a3e17eb6,Cassandra Perez,North
8153d93e-5e6f-4c3c-ae77-2ea1a706ab4f,Ryan Booth,North
d5003905-14b0-4118-bddc-91e7ca2edee9,Douglas Beck,South
198e88bc-71e0-482a-99b3-053462590aa3,Darren Green,South
3ecd560d-f6d1-4071-87c1-849c3e8d9a4e,Elaine Lopez,East
c27f4e2d-eb40-4373-9d5a-9da2d75a57b5,Jennifer Pearson,South
762f8986-88c6-4c7e-9e9e-3c7c549f8f2d,Miranda Li,East
6bc68954-0c7d-4db0-9111-0f78761e08bf,Ashley Fleming,East
